<configuration>
	<environments default="dev">
		<environment id="dev">
			<dataSource type="POOLED">
				<property name="driver" value="com.mysql.jdbc.Driver"></property>
				<property name="url"
					value="jdbc:mysql://localhost:3306/ssm"></property>
				<property name="username" value="root"></property>
				<property name="password" value="root"></property>
			</dataSource>
		</environment>
	</environments>
	<mappers>
		<mapper resource="mapper/UserMapper.xml"></mapper>
	</mappers>
</configuration>